{"CONCEPT_ID":[9202,9201],"CONCEPT_PATH":["Outpatient Visit","Inpatient Visit"],"NUM_PERSONS":[717,321],"PERCENT_PERSONS":[0.717,0.321],"RECORDS_PER_PERSON":[8.98326359832636,1.69158878504673]}
